id,name,email,language,registered_at
3684,Alexandre Pages,elevy@example.net,fr,2023-02-20 19:37:51.504749
4601,Dino Linke B.Eng.,jbolnbach@example.net,de,2023-01-28 08:41:25.955049
208,Eutimio Jerez Molina,apaz@example.com,es,2023-04-06 16:04:41.463429
6593,Joan Esteve Valverde,morellfelix@example.com,es,2023-10-04 05:35:40.844968
7218,James Archer,tylermclean@example.com,en,2023-03-05 10:23:56.022739
6981,Nadia Bragadin-Carfagna,fibonaccigirolamo@example.net,it,2023-11-06 02:31:45.759037
698,Piermaria Salvemini,brogginiantonella@example.net,it,2023-01-15 11:43:53.604350
9118,Berenice Basadonna,goridante@example.com,it,2023-04-25 15:07:28.558049
1602,Dolores Klemm B.A.,niklas47@example.com,de,2023-10-15 01:38:36.430892
7917,Ricciotti Missoni,annunziata97@example.net,it,2023-08-17 22:44:35.219119
2268,Susan Chen,melaniehall@example.net,en,2023-04-03 06:33:23.903512
842,Eugène Le Dos Santos,margotda-silva@example.org,fr,2023-01-12 14:07:30.274792
1216,Mirko Weimer-Rust,mangoldgiovanna@example.org,de,2023-04-01 16:59:07.380842
441,Haroldo Bayo-Cárdenas,teofilobernad@example.org,es,2023-10-25 19:30:31.373488
7318,Philippine Weiss,legeragnes@example.org,fr,2023-10-26 05:39:44.033645
8558,Graziella Farnese,nboezio@example.net,it,2023-07-19 10:21:41.336847
4835,Éléonore Robin,stephanie53@example.net,fr,2023-08-08 08:59:19.177603
2097,Stacy Carlson,colemanolivia@example.com,en,2023-03-05 22:16:20.904828
4591,Begoña Román Alfaro,isaaclosada@example.net,es,2023-01-20 01:44:20.073290
8413,Gabriella Cardano,leonardosolimena@example.com,it,2023-04-13 11:44:34.084960
4118,Ángela Pérez,desiderio38@example.net,es,2023-04-04 08:15:00.260845
872,Katrina Martin,xking@example.com,en,2023-11-12 10:16:23.902219
4793,William Webster,xstrong@example.org,en,2023-08-15 04:29:27.461179
2696,Gabriel Petitjean,dupuisastrid@example.com,fr,2023-08-31 03:55:32.363045
7508,Mohammed Löffler,danielle08@example.com,de,2023-02-27 02:09:37.569016
4832,Werner Becker-Weimer,ingeborg77@example.org,de,2023-07-07 06:57:37.816039
4705,Pasquale Giannini,costantinocavanna@example.com,it,2023-06-20 11:12:29.187413
6449,Dott. Alessia Mastroianni,dovaragiancarlo@example.com,it,2023-04-26 14:54:03.092463
2935,Josefa Rey Barrena,banglada@example.net,es,2023-11-03 03:00:21.450536
3321,Elvira Sáez Tolosa,palvarez@example.net,es,2023-05-28 18:14:38.540089
3642,Arsenio Garzoni,matteojovinelli@example.org,it,2023-04-14 00:47:47.066963
4076,Sabas Chacón Sureda,tsalinas@example.org,es,2023-06-09 12:37:42.536521
7650,Elma Gieß-Staude,lucie28@example.com,de,2023-11-10 17:31:50.053576
9503,Juan Antonio Sanabria Méndez,nildaserna@example.com,es,2023-03-16 02:40:52.596846
5996,Joseph Norris,simonmegan@example.net,en,2023-09-30 21:35:28.686320
3998,Gabriela Serra Porras,almeidaalondra@example.com,es,2023-08-30 15:51:21.751123
4884,Encarnita Casanovas Guillen,leticia87@example.net,es,2023-06-03 11:22:08.328512
5752,Nikolaus Blümel-Dobes,ignatzklemt@example.com,de,2023-06-03 04:50:14.594056
3966,Luc Lemoine,humbertsusan@example.org,fr,2023-07-05 19:00:17.377279
3513,Gerhart Oestrovsky,pergandearmin@example.com,de,2023-02-23 01:43:05.262126
502,Antonietta Vollbrecht B.Eng.,gesagute@example.net,de,2023-03-08 19:31:22.663747
9141,Nathan Schmidt,terry81@example.org,en,2023-06-22 14:03:50.851764
3331,Dr. Jochem Flantz B.A.,adlerharro@example.org,de,2023-03-21 20:04:09.056015
7330,Élodie Roux Le Weiss,gaillardadrien@example.org,fr,2023-04-19 14:27:36.660823
5660,Irma Berengario,albericogiunti@example.net,it,2023-07-25 01:27:59.646990
5420,Patricia Dias,lagardesabine@example.org,fr,2023-03-06 15:28:21.621831
8881,Ing. Johanne Henschel B.A.,faustjose@example.net,de,2023-03-28 02:01:22.805135
8995,Olivier de la Durand,yveslegros@example.com,fr,2023-08-14 10:42:19.666189
157,Rolando Bembo,leonardoromiti@example.com,it,2023-09-09 12:54:00.615598
8386,Severino Naccari,vanichini@example.com,it,2023-07-01 02:44:57.391064
