9758,Henriette Berthelot,matthieu52@example.com,fr,2023-02-21 04:05:44.093987
3445,Debbie Salazar,millerjames@example.com,en,2023-04-10 03:44:32.702553
9939,Kevin Foster,pjohns@example.com,en,2023-01-30 10:06:32.144663
6880,Elpidio Amaya,prodenas@example.com,es,2023-05-09 22:45:52.133888
1572,Margaud Hardy,anne82@example.org,fr,2023-11-11 16:37:18.211205
2363,Chema Estévez Ríos,rubiomatilde@example.com,es,2023-06-07 12:28:28.087932
9083,Noa de Urrutia,fernandoribas@example.net,es,2023-10-24 10:48:39.021567
4364,Odalis Correa Vilaplana,kmateo@example.net,es,2023-10-03 18:50:57.957958
2518,Sig. Achille Franzese,angelicapacelli@example.org,it,2023-01-30 04:48:26.045722
4213,Sandra Ray,ncarter@example.com,en,2023-08-21 17:38:53.852478
1294,Martine Boulanger,margaux64@example.org,fr,2023-05-16 01:43:01.331903
8920,Iolanda Lovato,kmercalli@example.org,it,2023-06-28 08:38:46.989600
6201,Dogan Junken,schenkbekir@example.com,de,2023-03-30 08:58:41.834983
6319,Nicolas Chauvet,menardjeannine@example.net,fr,2023-01-01 09:33:36.552130
1545,Patrick de Lemoine,gjoseph@example.com,fr,2023-04-14 09:41:36.916881
3923,Valérie de Colin,girardnicolas@example.org,fr,2023-05-18 15:00:09.999234
5732,Rogelio Díez,tgelabert@example.com,es,2023-01-07 05:50:49.632160
3594,Timothy Lee,charles72@example.org,en,2023-06-22 18:17:54.068984
7079,Herr Hartwig Haering B.A.,kemalernst@example.com,de,2023-04-11 21:07:34.901169
3634,Luc Morin,patrickperrin@example.org,fr,2023-08-27 01:57:16.371915
1285,Matthew Moore,qjohnson@example.org,en,2023-03-18 09:11:48.317362
2886,Mathilde Maurice,michelroussel@example.net,fr,2023-04-12 10:10:14.976291
1236,Dino Guidotti-Florio,gianpietro33@example.org,it,2023-01-03 06:13:02.425219
5053,Eustaquio Esteve-Perera,jescalona@example.org,es,2023-03-15 17:28:47.761729
101,Bernardino Grande Falcón,almaneira@example.net,es,2023-10-31 16:19:00.517415
9085,Monique-Geneviève Roche,gregoirecaroline@example.net,fr,2023-11-10 07:41:17.195860
6467,Dr. Justine Eberhardt B.Eng.,rudolphzimmer@example.net,de,2023-01-20 15:23:26.985409
2462,Herminio Vázquez Sosa,cconesa@example.org,es,2023-10-16 23:36:15.336254
6172,Erhard Biggen,reimerschoenland@example.org,de,2023-02-02 23:04:13.797610
1536,Mr. David May,phyllis06@example.net,en,2023-10-29 23:07:43.348745
1983,James Sullivan,alexandra75@example.com,en,2023-03-23 05:08:04.023468
3780,Ullrich Koch B.Sc.,mahmoudadolph@example.net,de,2023-03-27 22:35:04.419591
2225,Carlos Albero Seco,nataliocantero@example.org,es,2023-04-04 11:40:47.346411
5690,Franck Raymond,oleger@example.net,fr,2023-10-23 02:46:38.379807
5303,Romolo Perozzo,zoppettigianfrancesco@example.com,it,2023-08-19 10:47:31.681339
1893,Grégoire Pires,leclercmarianne@example.org,fr,2023-09-21 14:49:07.711476
3099,Roberto Rubio,emily43@example.com,en,2023-04-01 18:09:12.746216
9594,Rita Valier,vito75@example.net,it,2023-01-01 19:11:28.436761
5167,Marcus Black,susanwright@example.org,en,2023-03-16 19:28:58.934455
2951,Emmanuel Noël,gdidier@example.net,fr,2023-09-23 02:29:43.045283
3104,Piersanti Antonioni,ligoriocarolina@example.com,it,2023-02-03 02:16:20.030199
8133,Karl-Ludwig Röhrdanz,karl-heinz08@example.com,de,2023-06-26 20:22:00.082432
7897,Andrew Rosenow,birgit11@example.com,de,2023-04-18 09:17:21.746676
3887,Ruy Aroca Perales,hector49@example.org,es,2023-05-22 22:52:39.453287
1342,Vinzenz Lindner-Kuhl,madeleinegraf@example.org,de,2023-10-15 15:49:32.140109
7607,Filomena Planas-Jiménez,palmirajulia@example.net,es,2023-03-01 20:27:14.208775
9399,Etelvina Costa Quiroga,ordonezyaiza@example.net,es,2023-07-05 15:04:41.464586
6275,Susan Masse,william66@example.org,fr,2023-10-19 22:42:31.476621
329,Jeanette Nerger,williamtlustek@example.org,de,2023-02-04 03:41:33.508890
8075,Coriolano Alboni,pizzamanomatteo@example.org,it,2023-02-25 20:25:11.711279
